<?xml version="1.0" encoding="UTF-8"?>
<root>
   <car>
      <name>
			Porsche 718 Cayman
      </name>
      <power>
			220 кВт/300 л.с.
      </power>
      <speed>
			275 км/ч
      </speed>
      <overclocking>
			5,1 с
      </overclocking>
      <cylinders>
			4
      </cylinders>
      <src> Car.html?id=0
      </src>
      <img>
			https://acroadtrip.blob.core.windows.net/catalogo-imagenes/m/RT_V_73029c096b844d559e5e955567f42699.jpg
         <img />
      </img>
      <car>
         <name>
				Porsche 911 Turbo
         </name>
         <power>
				427 кВт/580 л.с.
         </power>
         <speed>
				320 км/ч
         </speed>
         <overclocking>
				2,8 с
         </overclocking>
         <cylinders>
				6
         </cylinders>
         <src> Car.html?id=1
         </src>
         <img>
				https://pc-rk.ru/wp-content/uploads/2017/06/5938f0e0ec05c41a5300000e.jpg
         </img>
      </car>
      <car>
         <name>
				Porsche Taycan
         </name>
         <power>
				300 кВт/408 л.с.
         </power>
         <speed>
				230 км/ч
         </speed>
         <overclocking>
				5,4 с
         </overclocking>
         <cylinders>
				5
         </cylinders>
         <src> Car.html?id=2
         </src>
         <img>
				https://www.domkrat.by/upload/img_catalog/taycan/Porsche_Taycan_5.jpg
         </img>
      </car>
      <car>
         <name>
				Porsche Panamera
         </name>
         <power>
				243 кВт/330 л.с.
         </power>
         <speed>
				270 км/ч
         </speed>
         <overclocking>
				5,6 с
         </overclocking>
         <cylinders>
				6
         </cylinders>
         <src> Car.html?id=3
         </src>
         <img>
				https://motor.ru/imgs/2021/11/09/11/5013613/d6760fc27fdb397127f186d9b148ff9e72e28e55.jpeg
         </img>
      </car>
      <car>
         <name>
				Porsche Macan
         </name>
         <power>
				195 кВт/265 л.с.
         </power>
         <speed>
				232 км/ч
         </speed>
         <overclocking>
				6,4 с
         </overclocking>
         <cylinders>
				4
         </cylinders>
         <src> Car.html?id=4
         </src>
         <img>
				https://kolesa-uploads.ru/-/29cec33f-9344-4268-8c16-315214fd51e4/0-0.jpg
         </img>
      </car>
      <car>
         <name>
				Porsche Cayenne
         </name>
         <power>
				250 кВт/340 л.с.
         </power>
         <speed>
				245 км/ч
         </speed>
         <overclocking>
				6,2 с
         </overclocking>
         <cylinders>
				6
         </cylinders>
         <src> Car.html?id=5
         </src>
         <img>
				https://carexpert.ru/img/foto600/porsche/porsc191.jpg
         </img>
      </car>
   </car>
</root>
